{"Jimmy Carter presidential 1976": [0.1949685534591195, 0.05157232704402516], "John McCain presidential 2008": [0.30939226519337015, 0.07971586424625099], "Ted Cruz republican 2016": [0.23747390396659707, 0.10594989561586639], "Richard Nixon presidential 1960": [0.21649484536082475, 0.049255441008018326], "John Edwards democratic 2008": [0.21891502640422467, 0.09073451752280365], "John Edwards democratic 2004": [0.270935960591133, 0.04433497536945813], "Fred Thompson republican 2008": [0.3194444444444444, 0.08333333333333333], "Hillary Clinton democratic 2016": [0.20809023726176584, 0.050563982886036564], "John McCain republican 2000": [0.2615769712140175, 0.10262828535669587], "Bill Bradley democratic 2000": [0.2733485193621868, 0.11104783599088838], "Steve Forbes republican 2000": [0.1960252935862692, 0.06504065040650407], "John McCain republican 2008": [0.320230607966457, 0.07232704402515723], "Jimmy Carter presidential 1980": [0.14754098360655737, 0.06967213114754098], "Jon Huntsman republican 2012": [0.29545454545454547, 0.07604895104895106], "Mitt Romney republican 2012": [0.20515411824153612, 0.10282971197574532], "Mitt Romney republican 2008": [0.2640805669526296, 0.08131294293174189], "Herman Cain republican 2012": [0.12791991101223582, 0.07563959955506118], "Walter F. Mondale presidential 1984": [0.1597444089456869, 0.04472843450479233], "Christopher Dodd democratic 2008": [0.15340086830680175, 0.04486251808972504], "Mitt Romney presidential 2012": [0.23387096774193547, 0.14516129032258066], "Gary Bauer republican 2000": [0.17917448405253283, 0.039399624765478425], "Bill Clinton presidential 1992": [0.25308641975308643, 0.04938271604938271], "James Gilmore republican 2008": [0.29545454545454547, 0.011363636363636364], "Hillary Clinton democratic 2008": [0.2149634047167254, 0.051233396584440226], "Tom Tancredo republican 2008": [0.14580265095729014, 0.054491899852724596], "Bill Clinton presidential 1996": [0.18476903870162298, 0.04744069912609238], "Rand Paul republican 2016": [0.18938307030129126, 0.13486370157819225], "Sam Brownback republican 2008": [0.3001555209953344, 0.1026438569206843], "Rick Santorum republican 2016": [0.19278350515463918, 0.06391752577319587], "Rick Santorum republican 2012": [0.23232323232323232, 0.07575757575757576], "Newt Gingrich republican 2012": [0.22528638099278744, 0.06364022061943148], "John Anderson presidential 1980": [0.1464968152866242, 0.03821656050955414], "Ross Perot presidential 1992": [0.19202226345083487, 0.11595547309833024], "Al Sharpton democratic 2004": [0.18181818181818182, 0.03636363636363636], "Ronald Reagan presidential 1984": [0.148014440433213, 0.05776173285198556], "Ronald Reagan presidential 1980": [0.16363636363636364, 0.05227272727272727], "Howard Dean democratic 2004": [0.2822966507177033, 0.04784688995215311], "John Kasich republican 2016": [0.20706521739130435, 0.06141304347826087], "John Kerry democratic 2004": [0.3147208121827411, 0.08629441624365482], "John Kerry presidential 2004": [0.2945578231292517, 0.07142857142857142], "Orrin Hatch republican 2000": [0.27254707631318137, 0.05946481665014866], "George H. W. Bush presidential 1988": [0.29974811083123426, 0.0491183879093199], "Duncan Hunter republican 2008": [0.12247838616714697, 0.05475504322766571], "Rudolph Giuliani republican 2008": [0.2791485244315433, 0.10788582486695694], "Ben Carson republican 2016": [0.1515812431842966, 0.06324972737186478], "Mike Huckabee republican 2016": [0.18803418803418803, 0.06715506715506715], "Donald Trump republican 2016": [0.33406352683461116, 0.19441401971522454], "Mike Gravel democratic 2008": [0.16945996275605213, 0.12849162011173185], "Wesley Clark democratic 2004": [0.40425531914893614, 0.0425531914893617], "Carly Fiorina republican 2016": [0.24183006535947713, 0.10239651416122005], "George H. W. Bush presidential 1992": [0.18995433789954339, 0.06666666666666667], "Joe Biden democratic 2008": [0.2182254196642686, 0.08313349320543566], "Jeb Bush republican 2016": [0.20118343195266272, 0.06878698224852071], "Alan Keyes republican 2000": [0.17973856209150327, 0.032679738562091505], "Al Gore presidential 2000": [0.2306368330464716, 0.06798623063683305], "Bob Dole presidential 1996": [0.21953405017921146, 0.06182795698924731], "George W. Bush republican 2000": [0.3425627817128139, 0.14166130070830651], "Mike Huckabee republican 2008": [0.17865707434052758, 0.04136690647482014], "Alan Keyes republican 2008": [0.15714285714285714, 0.014285714285714285], "Barack Obama presidential 2008": [0.1570815450643777, 0.04034334763948498], "Michele Bachmann republican 2012": [0.1885424220449601, 0.116751269035533], "Bill Richardson democratic 2008": [0.27905449770190416, 0.04136572554169402], "Marco Rubio republican 2016": [0.2043238660449343, 0.1165748198389148], "Michael Dukakis presidential 1988": [0.2527932960893855, 0.08519553072625698], "Buddy Roemer republican 2012": [0, 0], "Rick Perry republican 2012": [0.17892824704813806, 0.061762034514078114], "Joe Lieberman democratic 2004": [0.23880597014925373, 0.06965174129353234], "Barack Obama presidential 2012": [0.22928994082840237, 0.05917159763313609], "Vermin Supreme democratic 2016": [0, 0], "George W. Bush presidential 2004": [0.24421965317919075, 0.10404624277456648], "George W. Bush presidential 2000": [0.25906735751295334, 0.09326424870466321], "Tommy Thompson republican 2008": [0.19736842105263158, 0.09210526315789473], "Dennis Kucinich democratic 2008": [0.16979051819184124, 0.08379272326350606], "Dennis Kucinich democratic 2004": [0.24793388429752067, 0.1652892561983471], "Ron Paul republican 2008": [0.1942902458366376, 0.08406026962727994], "Tim Pawlenty republican 2012": [0.2637795275590551, 0.09055118110236221], "Chris Christie republican 2016": [0.15952597994530537, 0.09298085688240657], "Barack Obama democratic 2008": [0.1668481219379423, 0.05552531301034295], "Al Gore democratic 2000": [0.2654812998160638, 0.07480073574494175], "Martin O'Malley democratic 2016": [0.19971469329529243, 0.08273894436519258], "Gerald Ford presidential 1976": [0.2416, 0.136], "Bernie Sanders democratic 2016": [0.16646801748112833, 0.058005562177195075], "Jim Gilmore republican 2016": [0.3, 0.04666666666666667], "Ron Paul republican 2012": [0.1504049363671423, 0.06710374084072503], "Fred Karger republican 2012": [0, 0], "John F. Kennedy presidential 1960": [0.2870159453302961, 0.07289293849658314]}