{"Jimmy Carter presidential 1976": 0.0, "John McCain presidential 2008": 0.0, "Ted Cruz republican 2016": 0.7368421052631579, "Richard Nixon presidential 1960": 0.0, "John Edwards democratic 2008": 0.0, "John Edwards democratic 2004": 0.0, "Fred Thompson republican 2008": 0.0, "Hillary Clinton democratic 2016": 1.125, "John McCain republican 2000": 2.4545454545454546, "Bill Bradley democratic 2000": 2.0, "Steve Forbes republican 2000": 0.8888888888888888, "John McCain republican 2008": 0.26666666666666666, "Jimmy Carter presidential 1980": 1.0, "Jon Huntsman republican 2012": 0.25, "Mitt Romney republican 2012": 1.05, "Mitt Romney republican 2008": 0.3333333333333333, "Herman Cain republican 2012": 0.7, "Walter F. Mondale presidential 1984": 1.5, "Christopher Dodd democratic 2008": 0.0, "Mitt Romney presidential 2012": 0.3333333333333333, "Gary Bauer republican 2000": 1.0, "Bill Clinton presidential 1992": 1.0, "James Gilmore republican 2008": 0.0, "Hillary Clinton democratic 2008": 0.05263157894736842, "Tom Tancredo republican 2008": 0.2, "Bill Clinton presidential 1996": 3.0, "Rand Paul republican 2016": 0.21052631578947367, "Sam Brownback republican 2008": 0.0, "Rick Santorum republican 2016": 0.15789473684210525, "Rick Santorum republican 2012": 0.7, "Newt Gingrich republican 2012": 1.3, "John Anderson presidential 1980": 0.0, "Ross Perot presidential 1992": 7.333333333333333, "Al Sharpton democratic 2004": 0.0, "Ronald Reagan presidential 1984": 2.0, "Ronald Reagan presidential 1980": 1.5, "Howard Dean democratic 2004": 0.0, "John Kasich republican 2016": 0.0, "John Kerry democratic 2004": 0.0, "John Kerry presidential 2004": 3.0, "Orrin Hatch republican 2000": 1.5, "George H. W. Bush presidential 1988": 3.0, "Duncan Hunter republican 2008": 0.2727272727272727, "Rudolph Giuliani republican 2008": 0.35714285714285715, "Ben Carson republican 2016": 0.5789473684210527, "Mike Huckabee republican 2016": 0.5789473684210527, "Donald Trump republican 2016": 1.736842105263158, "Mike Gravel democratic 2008": 0.0, "Wesley Clark democratic 2004": 0.0, "Carly Fiorina republican 2016": 0.3157894736842105, "George H. W. Bush presidential 1992": 1.6666666666666667, "Joe Biden democratic 2008": 0.09090909090909091, "Jeb Bush republican 2016": 0.7368421052631579, "Alan Keyes republican 2000": 1.5454545454545454, "Al Gore presidential 2000": 0.0, "Bob Dole presidential 1996": 4.5, "George W. Bush republican 2000": 2.111111111111111, "Mike Huckabee republican 2008": 0.375, "Alan Keyes republican 2008": 0.0, "Barack Obama presidential 2008": 0.0, "Michele Bachmann republican 2012": 0.15, "Bill Richardson democratic 2008": 0.0, "Marco Rubio republican 2016": 0.9473684210526315, "Michael Dukakis presidential 1988": 2.0, "Buddy Roemer republican 2012": 0.0, "Rick Perry republican 2012": 0.45, "Joe Lieberman democratic 2004": 0.0, "Barack Obama presidential 2012": 4.333333333333333, "Vermin Supreme democratic 2016": 0.0, "George W. Bush presidential 2004": 4.333333333333333, "George W. Bush presidential 2000": 0.0, "Tommy Thompson republican 2008": 0.0, "Dennis Kucinich democratic 2008": 0.09090909090909091, "Dennis Kucinich democratic 2004": 0.0, "Ron Paul republican 2008": 0.0, "Tim Pawlenty republican 2012": 0.1, "Chris Christie republican 2016": 0.5789473684210527, "Barack Obama democratic 2008": 0.05263157894736842, "Al Gore democratic 2000": 2.4285714285714284, "Martin O'Malley democratic 2016": 0.625, "Gerald Ford presidential 1976": 0.0, "Bernie Sanders democratic 2016": 3.375, "Jim Gilmore republican 2016": 0.10526315789473684, "Ron Paul republican 2012": 1.45, "Fred Karger republican 2012": 0.0, "John F. Kennedy presidential 1960": 0.0}