{"Jimmy Carter presidential 1976": 0.0, "John McCain presidential 2008": 0.0, "Ted Cruz republican 2016": 6.526315789473684, "Richard Nixon presidential 1960": 0.0, "John Edwards democratic 2008": 0.0, "John Edwards democratic 2004": 0.0, "Fred Thompson republican 2008": 0.0, "Hillary Clinton democratic 2016": 22.375, "John McCain republican 2000": 1.0909090909090908, "Bill Bradley democratic 2000": 9.285714285714286, "Steve Forbes republican 2000": 0.8888888888888888, "John McCain republican 2008": 0.6, "Jimmy Carter presidential 1980": 0.0, "Jon Huntsman republican 2012": 1.5, "Mitt Romney republican 2012": 8.05, "Mitt Romney republican 2008": 0.5333333333333333, "Herman Cain republican 2012": 1.8, "Walter F. Mondale presidential 1984": 1.5, "Christopher Dodd democratic 2008": 0.0, "Mitt Romney presidential 2012": 0.0, "Gary Bauer republican 2000": 1.2222222222222223, "Bill Clinton presidential 1992": 0.0, "James Gilmore republican 2008": 0.0, "Hillary Clinton democratic 2008": 0.0, "Tom Tancredo republican 2008": 0.4, "Bill Clinton presidential 1996": 0.0, "Rand Paul republican 2016": 1.7894736842105263, "Sam Brownback republican 2008": 0.0, "Rick Santorum republican 2016": 2.210526315789474, "Rick Santorum republican 2012": 4.75, "Newt Gingrich republican 2012": 7.7, "John Anderson presidential 1980": 0.0, "Ross Perot presidential 1992": 0.0, "Al Sharpton democratic 2004": 0.0, "Ronald Reagan presidential 1984": 1.0, "Ronald Reagan presidential 1980": 0.0, "Howard Dean democratic 2004": 0.0, "John Kasich republican 2016": 4.2105263157894735, "John Kerry democratic 2004": 0.0, "John Kerry presidential 2004": 0.0, "Orrin Hatch republican 2000": 0.75, "George H. W. Bush presidential 1988": 8.0, "Duncan Hunter republican 2008": 0.18181818181818182, "Rudolph Giuliani republican 2008": 0.42857142857142855, "Ben Carson republican 2016": 3.263157894736842, "Mike Huckabee republican 2016": 2.9473684210526314, "Donald Trump republican 2016": 7.894736842105263, "Mike Gravel democratic 2008": 0.0, "Wesley Clark democratic 2004": 0.0, "Carly Fiorina republican 2016": 2.526315789473684, "George H. W. Bush presidential 1992": 0.3333333333333333, "Joe Biden democratic 2008": 0.0, "Jeb Bush republican 2016": 4.105263157894737, "Alan Keyes republican 2000": 1.4545454545454546, "Al Gore presidential 2000": 0.0, "Bob Dole presidential 1996": 0.5, "George W. Bush republican 2000": 1.4444444444444444, "Mike Huckabee republican 2008": 0.5625, "Alan Keyes republican 2008": 0.0, "Barack Obama presidential 2008": 0.0, "Michele Bachmann republican 2012": 2.25, "Bill Richardson democratic 2008": 0.0, "Marco Rubio republican 2016": 6.631578947368421, "Michael Dukakis presidential 1988": 8.0, "Buddy Roemer republican 2012": 0.0, "Rick Perry republican 2012": 2.45, "Joe Lieberman democratic 2004": 0.0, "Barack Obama presidential 2012": 0.0, "Vermin Supreme democratic 2016": 0.0, "George W. Bush presidential 2004": 0.0, "George W. Bush presidential 2000": 0.0, "Tommy Thompson republican 2008": 0.0, "Dennis Kucinich democratic 2008": 0.0, "Dennis Kucinich democratic 2004": 0.0, "Ron Paul republican 2008": 0.0, "Tim Pawlenty republican 2012": 0.25, "Chris Christie republican 2016": 3.4210526315789473, "Barack Obama democratic 2008": 0.0, "Al Gore democratic 2000": 8.571428571428571, "Martin O'Malley democratic 2016": 3.375, "Gerald Ford presidential 1976": 0.0, "Bernie Sanders democratic 2016": 30.125, "Jim Gilmore republican 2016": 0.10526315789473684, "Ron Paul republican 2012": 7.5, "Fred Karger republican 2012": 0.0, "John F. Kennedy presidential 1960": 0.0}